INSERT INTO `book` (`id`, `name`, `description`, `price`) VALUES
(1, 'name1sdfsdfsdfsdfdsfdsfdsfdsfsdfsdfdsfdsfdsfsdfsdfsfsdfdsf', 'description1     wwwwwwwwwwwwwwwwwwwwwwwwwwwwwwwwwwwwwwwwwwwwwwwwwwwwwwwwwwwwwwwwwwwwwwwwwwwwwwwwwwwwwwwwwwwwwwwwwwwwwwwwwwwwwwwwwwwwwwwwwwwwwwwwwwwwwwwwwwwwwwwwwwwwwwwwwwwwwwwwwwwwwwwwwwwwwwwwwwwwwwwwwwwwwwwwwwwwwwwwwwwwwwwwwwwwwwwwwwwwwwwwwwwwwwwwwwwwwww       ', '777.00'),
(2, 'name2', '22222222222222', '777.00'),
(3, 'name3', 'description3', '777.00'),
(4, 'name4', 'description4', '777.00'),
(5, 'name5', 'description5', '777.00'),
(6, 'name6', 'description6', '777.00'),
(7, 'name7', 'description7', '777.00'),
(8, 'name8', 'description8', '777.00'),
(10, 'qqqqqqqqqq', 'new                                                            ', '888.00'),
(13, 'name1sdfsdfsdfsdfdsfdsfdsfdsfsdfsdfdsfdsfdsfsdfsdfsfsdfdsf', 'description1     wwwwwwwwwwwwwwwwwwwwwwwwwwwwwwwwwwwwwwwwwwwwwwwwwwwwwwwwwwwwwwwwwwwwwwwwwwwwwwwwwwwwwwwwwwwwwwwwwwwwwwwwwwwwwwwwwwwwwwwwwwwwwwwwwwwwwwwwwwwwwwwwwwwwwwwwwwwwwwwwwwwwwwwwwwwwwwwwwwwwwwwwwwwwwwwwwwwwwwwwwwwwwwwwwwwwwwwwwwwwwwwwwwwwwwwwwwwwwww       ', '777.00'),
(14, 'name2', '22222222222222', '777.00'),
(15, 'name3', 'description3', '777.00'),
(16, 'name4', 'description4', '777.00'),
(17, 'name5', 'description5', '777.00'),
(18, 'name6', 'description6', '777.00'),
(19, 'name7', 'description7', '777.00'),
(20, 'name8', 'description8', '777.00');


INSERT INTO `genre` (`id`, `name`) VALUES
(1, 'genre1'),
(2, 'genre2'),
(3, 'genre3'),
(4, 'genre4'),
(5, 'genre5'),
(6, 'genre6'),
(7, 'genre7'),
(8, 'hhhhhhhhhhhhhhhhhh'),
(9, 'fffffffffff'),
(10, 'sdfsdfsdfsdfb'),
(11, 'sdfdfewjkfnjksdnfjkdsfnjkdsfnjsdnf'),
(12, 'gndfngmdfngmfdngmdfngmfdngmdfngmdfng');

INSERT INTO `author` (`id`, `name`) VALUES
(1, 'author1'),
(2, 'author2'),
(3, 'author3'),
(4, 'author4'),
(5, 'author5'),
(6, 'author6'),
(7, 'author7'),
(11, 'aaaaaaaaaaa'),
(12, 'ddddddddddd'),
(13, 'dsfdsf'),
(14, 'dsfdsfds'),
(15, 'fsdfsdfsdfsd sdfdsfds'),
(16, 'sfsfsdfsdf rjeowrioewj'),
(17, 'sdfsdfsdf fmdskfkdsf dfdskfkdsf'),
(18, 'efndsnfmdsnfmdsnfmdnfmds dfnkdsjfkdsjfksdjfkdsfjksdjfkdsjfkdsjfkdsfjdksfdndsfmn'),
(19, 'dsfdsfdsfdsfds');

INSERT INTO `bookauthor` (`bookId`, `authorId`) VALUES
(2, 1),
(4, 1),
(8, 1),
(13, 1),
(16, 1),
(4, 2),
(6, 2),
(8, 2),
(14, 2),
(16, 2),
(8, 3),
(18, 3),
(20, 3),
(7, 4),
(8, 4),
(10, 4),
(15, 4),
(2, 5),
(4, 5),
(7, 5),
(8, 5),
(13, 5),
(16, 5),
(19, 5),
(4, 6),
(8, 6),
(13, 6),
(19, 6),
(3, 7),
(4, 7),
(5, 7),
(8, 7),
(19, 7),
(20, 7),
(18, 12),
(17, 13),
(17, 15),
(1, 16),
(14, 16),
(17, 16),
(20, 16),
(1, 17),
(15, 17),
(20, 17),
(1, 18),
(14, 18),
(2, 19);

INSERT INTO `bookgenre` (`bookId`, `genreId`) VALUES
(2, 1),
(4, 1),
(8, 1),
(15, 1),
(2, 2),
(4, 2),
(6, 2),
(8, 2),
(8, 3),
(13, 3),
(17, 3),
(7, 4),
(8, 4),
(15, 4),
(16, 4),
(18, 4),
(19, 4),
(20, 4),
(4, 5),
(7, 5),
(8, 5),
(13, 5),
(14, 5),
(19, 5),
(4, 6),
(8, 6),
(10, 6),
(17, 6),
(3, 7),
(4, 7),
(5, 7),
(8, 7),
(13, 7),
(16, 7),
(1, 8),
(17, 8),
(14, 9),
(18, 9),
(19, 9),
(15, 10),
(1, 11),
(13, 11),
(1, 12),
(14, 12),
(20, 12);